Event,Date_Time,Latitude,Longitude,Station,Cast,Bottle,Press_dbar_,DepthWater_m_,Temp___C_,Tpot___C_,Tcon___C_,Sal,ASAL_g_kg_,Density_kg_m__3_,BottomDepth_m,I129_at_l,unc_I129_at_l,U236_at_l,unc_U236_at_l,WM,f_mw,f_sim,f_pw,f_aw,Gamma_yrs,unc_Gamma_yrs,Delta_yrs,unc_Delta_yrs,Delta_Gamma_ratio,unc_Delta_Gamma_ratio,t_mode_yrs,unc_t_mode_yrs
SO21_05-03,2021-08-04T17:29:40,83.11933333,29.4805,5,3,7,2000.1,1969.315623,-0.7253,-0.819533934,-0.81818662,34.92129671,35.08987228,1037.450151,3999.547,82014704.8920655,2752086.23312592,4970663.42703573,165706.675416875,EBDW,NaN,NaN,NaN,NaN,NaN,NaN,NaN,NaN,NaN,NaN,NaN,NaN
SO21_05-03,2021-08-04T17:29:40,83.11933333,29.4805,5,3,9,1500.3,1478.968168,-0.5914,-0.657062701,-0.655895828,34.91538929,35.08365982,1035.129625,3999.547,276284162.932867,8913445.98321102,8488459.9333786,243762.834711741,CBDW,NaN,NaN,NaN,NaN,131,8,89,10,0.68,0.03,42,1
SO21_05-03,2021-08-04T17:29:40,83.11933333,29.4805,5,3,11,1000.5,987.4908462,-0.1981,-0.240731524,-0.240035826,34.90546993,35.0730252,1032.768048,3999.547,2148553525.27517,66055700.3034336,16629525.8619936,507529.672330995,uPDW,NaN,NaN,NaN,NaN,38,2,28,4,0.74,0.06,11,1
SO21_05-03,2021-08-04T17:29:40,83.11933333,29.4805,5,3,13,700.7,692.0560526,0.4244,0.392731134,0.392668146,34.90318953,35.07030938,1031.313586,3999.547,2468571059.73111,75779209.0709503,17404428.3809662,506410.170236254,dAAW,NaN,NaN,NaN,NaN,30,2,20,3,0.67,0.06,10,1
SO21_05-03,2021-08-04T17:29:40,83.11933333,29.4805,5,3,15,500.5,494.5481263,1.1847,1.159780397,1.158736579,34.91262678,35.07954253,1030.317993,3999.547,2053613030.9624,63218041.9677756,17492176.7393479,461241.06927064,AAW,NaN,NaN,NaN,NaN,38,2,25,3,0.66,0.04,13,1
SO21_05-03,2021-08-04T17:29:40,83.11933333,29.4805,5,3,17,300.4,296.9473792,1.6083,1.592818667,1.591483585,34.87876659,35.04532212,1029.318391,3999.547,2300410270.75151,71092692.9612186,14588060.2378613,433773.357038435,AAW,-0.00503011867136778,0.00876397182422452,-0.0237567138742618,1.02002286072141,47,5,52,12,1.11,0.12,6,1
SO21_05-03,2021-08-04T17:29:40,83.11933333,29.4805,5,3,19,100,98.92758159,-0.63925,-0.642212884,-0.639713627,34.51654568,34.68111305,1028.227833,3999.547,3797759685.89165,125134145.292752,16873738.1841874,474284.348597501,AAW,0.0125820412810291,-0.00425253641934968,0.0259348579066453,0.965735637231675,18,1,4,1,0.22,0.05,16,2
SO21_05-03,2021-08-04T17:29:40,83.11933333,29.4805,5,3,21,28.8,28.47016337,-1.54475,-1.545321855,-1.541343055,34.02689981,34.18891857,1027.526221,3999.547,3635269565.60896,111896209.782008,15429695.0109462,447332.180901689,PSW,0.0194818331419169,0.00486380733793497,0.0185556638717624,0.957098695648386,NaN,NaN,NaN,NaN,NaN,NaN,NaN,NaN
SO21_08-09,2021-08-08T21:52:01,86.44733333,33.39616667,8,9,7,2001.3,1970.417214,-0.6591,-0.75448101,-0.753210102,34.9199713,35.08857418,1037.446932,2950.749,294453143.044101,9225558.05472466,6663956.96276137,218646.150812275,EBDW,NaN,NaN,NaN,NaN,NaN,NaN,NaN,NaN,NaN,NaN,NaN,NaN
SO21_08-09,2021-08-08T21:52:01,86.44733333,33.39616667,8,9,9,1501.2,1479.814036,-0.4983,-0.565184932,-0.56412668,34.91411563,35.08234937,1035.124814,2950.749,1124203256.99898,34576486.3803676,10680521.9641691,317521.87921764,CBDW,NaN,NaN,NaN,NaN,245,27,441,70,1.8,0.13,13,1
SO21_08-09,2021-08-08T21:52:01,86.44733333,33.39616667,8,9,11,1001.3,988.1447356,-0.16795,-0.210829668,-0.210153753,34.90146011,35.0689011,1032.762341,2950.749,2293834256.77815,72752058.0516581,16333596.9073777,436225.930388795,uPDW,NaN,NaN,NaN,NaN,36,2,28,4,0.78,0.06,9,1
SO21_08-09,2021-08-08T21:52:01,86.44733333,33.39616667,8,9,14,699.5,690.8245103,0.2024,0.172165458,0.172419131,34.89263696,35.05970154,1031.313137,2950.749,2692208251.43177,83542816.4240038,18819191.1112779,540696.120291049,dAAW,NaN,NaN,NaN,NaN,25,1,12,2,0.48,0.06,13,2
SO21_08-09,2021-08-08T21:52:01,86.44733333,33.39616667,8,9,15,500.5,494.506771,0.64755,0.624922709,0.624666597,34.88677707,35.05365065,1030.340443,2950.749,2453893397.41156,75415895.4032795,18034755.4102172,489154.668552645,dAAW,NaN,NaN,NaN,NaN,29,1,17,2,0.59,0.05,12,1
SO21_08-09,2021-08-08T21:52:01,86.44733333,33.39616667,8,9,17,300.2,296.7392011,1.08665,1.072497138,1.071848916,34.86418486,35.03076992,1029.34852,2950.749,2381694094.04211,73934634.7715407,18090456.5974245,460959.042439033,AAW,-0.000557084438122831,0.0035128192365315,-0.0125981000965337,1.00964236529813,31,2,19,2,0.61,0.05,12,1
SO21_08-09,2021-08-08T21:52:01,86.44733333,33.39616667,8,9,19,100.2,99.10104584,-0.8923,-0.895010633,-0.891988174,34.39143464,34.55559696,1028.13836,2950.749,5211723606.91217,162725711.289892,19960637.1485953,563836.651480992,PSW,0.01118797636936,0.00438280766975263,0.00157065857351237,0.982858557387375,NaN,NaN,NaN,NaN,NaN,NaN,NaN,NaN
SO21_08-09,2021-08-08T21:52:01,86.44733333,33.39616667,8,9,21,30.1,29.78710329,-1.6749,-1.675421696,-1.670598454,33.47240735,33.63263136,1027.085634,2950.749,6884378975.05825,211744272.067534,19861165.1440836,573518.771868038,PSW,0.0490423545091663,-0.0155394700126047,0.132698830328673,0.833798285174765,NaN,NaN,NaN,NaN,NaN,NaN,NaN,NaN
SO21_16-06,2021-08-12T21:59:29,88.94466667,22.73066667,16,6,7,3000.1,2946.896201,-0.7323,-0.899363959,-0.897944191,34.92966108,35.09860558,1041.990488,4438.287,71359551.7754418,2574667.54431344,2853386.64767182,104355.040484204,EBDW,NaN,NaN,NaN,NaN,NaN,NaN,NaN,NaN,NaN,NaN,NaN,NaN
SO21_16-06,2021-08-12T21:59:29,88.94466667,22.73066667,16,6,9,2000.1,1969.221408,-0.60615,-0.702339256,-0.701138066,34.92139936,35.09013213,1037.438125,4438.287,393937705.959521,12314782.8351505,6621348.31169527,195460.220913834,CBDW,NaN,NaN,NaN,NaN,NaN,NaN,NaN,NaN,NaN,NaN,NaN,NaN
SO21_16-06,2021-08-12T21:59:29,88.94466667,22.73066667,16,6,11,1000.2,987.0798577,-0.06285,-0.106570165,-0.10602682,34.90282231,35.07034143,1032.750267,4438.287,2530312434.69728,78528147.2560201,16090797.1147221,416078.508293807,uPDW,NaN,NaN,NaN,NaN,32,2,27,4,0.84,0.07,7,1
SO21_16-06,2021-08-12T21:59:29,88.94466667,22.73066667,16,6,13,699.9,691.226781,0.3397,0.308601011,0.308698542,34.89103853,35.05817298,1031.305943,4438.287,2833065004.00754,87059203.7137233,17182926.8083759,477508.395049618,dAAW,NaN,NaN,NaN,NaN,24,2,15,2,0.63,0.07,9,1
SO21_16-06,2021-08-12T21:59:29,88.94466667,22.73066667,16,6,15,500.1,494.1225872,0.9161,0.892326665,0.891703336,34.89564116,35.06266393,1030.326548,4438.287,2731223553.15017,83891850.0441972,16265045.5835039,431797.77382469,dAAW,NaN,NaN,NaN,NaN,27,2,21,3,0.78,0.08,7,1
SO21_16-06,2021-08-12T21:59:29,88.94466667,22.73066667,16,6,17,300.3,296.8147005,1.22555,1.211038615,1.210173424,34.87360805,35.04040822,1029.345427,4438.287,2651941522.79209,82027727.3906291,18003587.7012184,516797.395547316,AAW,0.00340829287671176,0.00105395478512102,-0.0463372564012232,1.04187500873939,26,1,15,2,0.58,0.06,11,1
SO21_16-06,2021-08-12T21:59:29,88.94466667,22.73066667,16,6,19,99.9,98.81147186,-1.49855,-1.500679022,-1.49710679,34.24053821,34.40470554,1028.040461,4438.287,5939920060.14078,183849662.565243,19662633.6389367,536484.527227865,PSW,0.0207692078127807,-0.00360285089549171,0.028074447237074,0.954759195845637,NaN,NaN,NaN,NaN,NaN,NaN,NaN,NaN
SO21_16-06,2021-08-12T21:59:29,88.94466667,22.73066667,16,6,21,29.8,29.45964658,-1.676,-1.676502992,-1.67124729,33.17349573,33.33356758,1026.84411,4438.287,8741590923.779,268562671.863984,20352905.7094868,543231.44219035,PSW,0.0643629956730542,-0.0204050580029671,0.0945069074543636,0.861535154875549,NaN,NaN,NaN,NaN,NaN,NaN,NaN,NaN
SO21_20-03,2021-08-14T16:32:58,89.60183333,17.01466667,20,3,7,2500.1,2458.615708,-0.7064,-0.835470316,-0.834111907,34.92378212,35.09264758,1039.728822,4335.739,112256147.872966,4320293.74138177,4598411.41870107,167545.481978568,EBDW,NaN,NaN,NaN,NaN,NaN,NaN,NaN,NaN,NaN,NaN,NaN,NaN
SO21_20-03,2021-08-14T16:32:58,89.60183333,17.01466667,20,3,9,2000.2,1969.280111,-0.55955,-0.656523321,-0.655398821,34.92719964,35.09599257,1037.437916,4335.739,210484480.692201,10873678.9337749,5412116.25780748,154976.804852624,CBDW,NaN,NaN,NaN,NaN,NaN,NaN,NaN,NaN,NaN,NaN,NaN,NaN
SO21_20-03,2021-08-14T16:32:58,89.60183333,17.01466667,20,3,11,1500.1,1478.651821,-0.4139,-0.481789332,-0.480841494,34.91606849,35.08446743,1035.114162,4335.739,1060535266.79807,49259585.2666583,11181273.3063129,270764.25372717,uPDW,NaN,NaN,NaN,NaN,159,28,211,68,1.33,0.16,15,1
SO21_20-03,2021-08-14T16:32:58,89.60183333,17.01466667,20,3,13,1000,986.9326259,0.02445,-0.019998927,-0.019541148,34.89827925,35.0657965,1032.739451,4335.739,2533204050.53603,82185130.187938,16968862.012361,428145.914765282,uPDW,NaN,NaN,NaN,NaN,30,2,21,3,0.7,0.06,9,1
SO21_20-03,2021-08-14T16:32:58,89.60183333,17.01466667,20,3,15,700,691.2720548,0.4743,0.442406877,0.442360342,34.88788302,35.05502142,1031.292752,4335.739,3411653740.4591,105494814.597959,16145901.1240974,454820.330810758,dAAW,NaN,NaN,NaN,NaN,16,1,9,2,0.56,0.13,7,2
SO21_20-03,2021-08-14T16:32:58,89.60183333,17.01466667,20,3,17,499.9,493.9807019,0.9922,0.968112822,0.967444252,34.88787459,35.05488509,1030.314221,4335.739,2852079540.92177,88593122.8329152,15854797.6344528,401254.917563737,AAW,NaN,NaN,NaN,NaN,26,2,23,4,0.88,0.09,5,1
SO21_20-03,2021-08-14T16:32:58,89.60183333,17.01466667,20,3,19,246.6,243.8065144,1.4098,1.397588715,1.396609721,34.85803598,35.02476913,1029.069311,4335.739,2778263600.684,86492608.2868237,14841395.1967424,402960.904317098,AAW,-0.00806904407689548,0.0115290556595963,-0.008385491815102,1.0049254802324,32,4,36,8,1.13,0.13,4,1
SO21_20-03,2021-08-14T16:32:58,89.60183333,17.01466667,20,3,21,30.2,29.91311211,-1.697,-1.69747033,-1.691668972,32.74107859,32.89941362,1026.493978,4335.739,8932077826.77,274788947.605576,19951535.5817615,532521.365624782,PSW,0.0654247515056038,-0.0129972338866637,0.143555981621603,0.804016500759457,NaN,NaN,NaN,NaN,NaN,NaN,NaN,NaN
SO21_25-01,2021-08-18T15:48:58,89.31716667,-147.9908333,25,1,1,125.1,123.6728312,-1.1178,-1.120961674,-1.117820471,34.38114223,34.54686158,1028.26057,2743,5685089866.36133,178017044.992416,NaN,NaN,PSW,0.0221983156122641,-0.00800020667675465,0.00498152219143687,0.980820368873054,NaN,NaN,NaN,NaN,NaN,NaN,NaN,NaN
SO21_25-01,2021-08-18T15:48:58,89.31716667,-147.9908333,25,1,4,100,98.9418881,-1.54035,-1.542425064,-1.538701399,34.16239517,34.32759744,1027.979691,2743,6394283225.53672,199989269.728199,NaN,NaN,PSW,0.0209984342668155,-0.00188809331955617,0.0372609688484131,0.943628690204327,NaN,NaN,NaN,NaN,NaN,NaN,NaN,NaN
SO21_25-01,2021-08-18T15:48:58,89.31716667,-147.9908333,25,1,7,75,74.17333698,-1.5585,-1.559942234,-1.555256559,33.62073479,33.78381958,1027.42124,2743,7165310259.25465,222088393.176748,NaN,NaN,PSW,0.0299576493186815,-0.00112223783264319,0.129659319629266,0.841505268884695,NaN,NaN,NaN,NaN,NaN,NaN,NaN,NaN
SO21_25-01,2021-08-18T15:48:58,89.31716667,-147.9908333,25,1,10,50,49.4354056,-1.65895,-1.659756053,-1.653799613,32.6853324,32.84353882,1026.54453,2743,7525816371.77785,231456774.556157,NaN,NaN,PSW,0.0552729501172861,-0.0089352180768136,0.261627533711463,0.692034734248064,NaN,NaN,NaN,NaN,NaN,NaN,NaN,NaN
SO21_25-01,2021-08-18T15:48:58,89.31716667,-147.9908333,25,1,13,40.1,39.63790432,-1.62315,-1.623768762,-1.617164827,32.2589411,32.41487225,1026.149199,2743,6607245216.09179,203194396.671482,NaN,NaN,PSW,0.0586260986532366,-0.00857547638560016,0.395941110302584,0.554008267429779,NaN,NaN,NaN,NaN,NaN,NaN,NaN,NaN
SO21_25-01,2021-08-18T15:48:58,89.31716667,-147.9908333,25,1,16,30.1,29.77465038,-1.60325,-1.603668349,-1.596068872,31.48662423,31.63865628,1025.473669,2743,5708194997.9512,175531920.960538,NaN,NaN,PSW,0.0616567539506431,0.00267902726488249,0.539408287843865,0.39625593094061,NaN,NaN,NaN,NaN,NaN,NaN,NaN,NaN
SO21_25-01,2021-08-18T15:48:58,89.31716667,-147.9908333,25,1,19,20.1,19.89608168,-1.56685,-1.567098984,-1.558460685,30.65883281,30.80643247,1024.752593,2743,5916651625.12263,182019174.353709,NaN,NaN,PSW,0.0979587558574827,-0.0106280270029416,0.526606319994441,0.386062951151018,NaN,NaN,NaN,NaN,NaN,NaN,NaN,NaN
SO21_25-01,2021-08-18T15:48:58,89.31716667,-147.9908333,25,1,21,10.1,9.964605732,-1.54535,-1.545462962,-1.536153883,30.06405056,30.20899973,1024.221386,2743,5134251429.73505,158205693.612956,NaN,NaN,PSW,0.11952172847544,-0.0201757025579726,0.588325857986552,0.312328116095981,NaN,NaN,NaN,NaN,NaN,NaN,NaN,NaN
SO21_25-02,2021-08-18T17:06:19,89.3215,-147.8746667,25,2,8,2000,1969.123298,-0.5978,-0.694120309,-0.692924098,34.91971266,35.08856241,1037.436025,3459.13,310265594.023863,10242209.4032914,NaN,NaN,CBDW,NaN,NaN,NaN,NaN,NaN,NaN,NaN,NaN,NaN,NaN,NaN,NaN
SO21_25-02,2021-08-18T17:06:19,89.3215,-147.8746667,25,2,10,1500.1,1478.67415,-0.36895,-0.437396675,-0.436497734,34.91444192,35.08286607,1035.108757,3459.13,1040664705.273,32313777.5988329,NaN,NaN,uPDW,NaN,NaN,NaN,NaN,NaN,NaN,NaN,NaN,NaN,NaN,NaN,NaN
SO21_25-02,2021-08-18T17:06:19,89.3215,-147.8746667,25,2,12,1000.4,987.2304351,0.1463,0.100834817,0.101171212,34.89282324,35.0603256,1032.724895,3459.13,3172095904.2288,97747342.8068636,NaN,NaN,dAAW,NaN,NaN,NaN,NaN,NaN,NaN,NaN,NaN,NaN,NaN,NaN,NaN
SO21_25-02,2021-08-18T17:06:19,89.3215,-147.8746667,25,2,14,700,691.3078852,0.54525,0.51294933,0.512866822,34.87853137,35.04566303,1031.279587,3459.13,3561304895.54231,109256550.762802,NaN,NaN,dAAW,NaN,NaN,NaN,NaN,NaN,NaN,NaN,NaN,NaN,NaN,NaN,NaN
SO21_25-02,2021-08-18T17:06:19,89.3215,-147.8746667,25,2,16,500.2,494.2168067,1.1021,1.077551941,1.076766086,34.88584672,35.05293951,1030.303687,3459.13,3090058961.46683,94819740.5197123,NaN,NaN,AAW,NaN,NaN,NaN,NaN,NaN,NaN,NaN,NaN,NaN,NaN,NaN,NaN
SO21_25-02,2021-08-18T17:06:19,89.3215,-147.8746667,25,2,17,400,395.3334427,1.2995,1.279551607,1.278586217,34.8767872,35.04383886,1029.811636,3459.13,2845162284.03725,88050712.9058069,NaN,NaN,AAW,0.00836084682551012,-0.005360996418235,-0.0373810639166613,1.03438121350939,NaN,NaN,NaN,NaN,NaN,NaN,NaN,NaN
SO21_25-02,2021-08-18T17:06:19,89.3215,-147.8746667,25,2,18,300.1,296.6849822,1.4559,1.440811775,1.439756382,34.86215461,35.0290824,1029.318005,3459.13,2906629429.79019,90377922.3336387,NaN,NaN,AAW,-2.7361625690993e-05,0.00578441375377431,-0.0540780249088146,1.04832097278073,NaN,NaN,NaN,NaN,NaN,NaN,NaN,NaN
SO21_25-02,2021-08-18T17:06:19,89.3215,-147.8746667,25,2,19,250.2,247.3854391,1.37105,1.358776147,1.357983272,34.83556879,35.00233735,1029.068605,3459.13,3174297424.67339,97949825.4443121,NaN,NaN,AAW,0.0104781675086299,-0.00539390868221291,-0.0516606950213216,1.0465764361949,NaN,NaN,NaN,NaN,NaN,NaN,NaN,NaN
SO21_25-02,2021-08-18T17:06:19,89.3215,-147.8746667,25,2,20,200,197.7745692,1.2662,1.256655063,1.256127317,34.81079074,34.97756058,1028.821687,3459.13,3360659880.45914,103836970.821109,NaN,NaN,AAW,-0.0012146342722128,0.00818026337053276,-0.0456348894735146,1.03866926037519,NaN,NaN,NaN,NaN,NaN,NaN,NaN,NaN
SO21_25-02,2021-08-18T17:06:19,89.3215,-147.8746667,25,2,21,149.9,148.192196,-0.303,-0.307965627,-0.305689929,34.51867687,34.68454762,1028.452162,3459.13,5110638291.37914,157401519.174132,NaN,NaN,AAW,0.00258977666269563,0.0103352199025158,-0.00390850020140477,0.990983503636193,NaN,NaN,NaN,NaN,NaN,NaN,NaN,NaN
SO21_26-01,2021-08-19T01:22:11,89.11083333,-149.9735,26,1,1,75.2,74.41664604,-1.58015,-1.581513691,-1.576172586,33.20732806,33.36843918,1027.086696,1297,7266529359.96114,227467194.353297,NaN,NaN,PSW,0.0505625448277665,-0.019394124091817,0.246258644834854,0.722572934429197,NaN,NaN,NaN,NaN,NaN,NaN,NaN,NaN
SO21_26-01,2021-08-19T01:22:11,89.11083333,-149.9735,26,1,4,50,49.50268509,-1.65125,-1.652021436,-1.645570794,32.31642119,32.47286768,1026.245055,1297,7055392352.1175,222267277.969853,NaN,NaN,PSW,0.0626727709043371,-0.0142431859761654,0.385335567749363,0.566234847322466,NaN,NaN,NaN,NaN,NaN,NaN,NaN,NaN
SO21_26-01,2021-08-19T01:22:11,89.11083333,-149.9735,26,1,6,40,39.52022553,-1.6154,-1.615971687,-1.608615011,31.65820116,31.8112419,1025.66168,1297,5836906514.16445,179496845.442177,NaN,NaN,PSW,0.0787977209849827,-0.025135972007203,0.579903908859065,0.366434342163155,NaN,NaN,NaN,NaN,NaN,NaN,NaN,NaN
SO21_26-01,2021-08-19T01:22:11,89.11083333,-149.9735,26,1,8,30,29.72125352,-1.6043,-1.604685645,-1.596546477,30.97028355,31.1198272,1025.054822,1297,5647870835.69049,174212072.61281,NaN,NaN,PSW,0.0928762340338908,-0.0180859520516342,0.570133331068947,0.355076386948796,NaN,NaN,NaN,NaN,NaN,NaN,NaN,NaN
SO21_26-01,2021-08-19T01:22:11,89.11083333,-149.9735,26,1,11,20,19.8258612,-1.5411,-1.541337762,-1.532192113,30.27677605,30.42252957,1024.442205,1297,5267049418.68545,162105712.417459,NaN,NaN,PSW,0.112666807011391,-0.0197387952495229,0.594244413638508,0.312827574599624,NaN,NaN,NaN,NaN,NaN,NaN,NaN,NaN
SO21_26-01,2021-08-19T01:22:11,89.11083333,-149.9735,26,1,12,9.9,9.751929513,-1.5396,-1.539709893,-1.530219626,29.89302164,30.03713738,1024.08255,1297,4693070243.27396,144645148.453475,NaN,NaN,PSW,0.119106457920938,-0.0175709873543665,0.635619719999032,0.262844809434396,NaN,NaN,NaN,NaN,NaN,NaN,NaN,NaN
SO21_26-02,2021-08-19T02:39:55,89.11566667,-150.0418333,26,2,1,1327.4,1308.950158,-0.2994,-0.358679453,-0.357873823,34.91378266,35.08187927,1034.300621,1337.377,445626694.889425,15274136.8257523,NaN,NaN,uPDW,NaN,NaN,NaN,NaN,NaN,NaN,NaN,NaN,NaN,NaN,NaN,NaN
SO21_26-02,2021-08-19T02:39:55,89.11566667,-150.0418333,26,2,7,1277.3,1259.672648,-0.26855,-0.325343703,-0.324557717,34.90836951,35.07634934,1034.061509,1337.377,613430949.703049,19905861.2682064,NaN,NaN,uPDW,NaN,NaN,NaN,NaN,NaN,NaN,NaN,NaN,NaN,NaN,NaN,NaN
SO21_26-02,2021-08-19T02:39:55,89.11566667,-150.0418333,26,2,8,1000.2,987.0684997,-0.0581,-0.101832968,-0.101233761,34.88821571,35.05569145,1032.738235,1337.377,1488216843.51038,46872818.7580453,NaN,NaN,uPDW,NaN,NaN,NaN,NaN,NaN,NaN,NaN,NaN,NaN,NaN,NaN,NaN
SO21_26-02,2021-08-19T02:39:55,89.11566667,-150.0418333,26,2,10,700.2,691.4748673,0.4077,0.376210391,0.376275881,34.88110861,35.04825196,1031.292678,1337.377,3484272966.44767,108076663.024622,NaN,NaN,dAAW,NaN,NaN,NaN,NaN,NaN,NaN,NaN,NaN,NaN,NaN,NaN,NaN
SO21_26-02,2021-08-19T02:39:55,89.11566667,-150.0418333,26,2,12,500.1,494.1233096,0.85045,0.826971411,0.826529766,34.87702906,35.04408244,1030.316988,1337.377,2833468851.16408,87378630.5114769,NaN,NaN,AAW,NaN,NaN,NaN,NaN,NaN,NaN,NaN,NaN,NaN,NaN,NaN,NaN
SO21_26-02,2021-08-19T02:39:55,89.11566667,-150.0418333,26,2,14,400.1,395.4076994,1.17265,1.153124811,1.152272208,34.88225564,35.04933792,1029.826332,1337.377,2675411756.26422,82864645.936623,NaN,NaN,AAW,-0.00987569938781594,0.0145362658019802,-0.0301160162048159,1.02545544979065,NaN,NaN,NaN,NaN,NaN,NaN,NaN,NaN
SO21_26-02,2021-08-19T02:39:55,89.11566667,-150.0418333,26,2,15,300,296.5754872,1.3056,1.290897625,1.290075517,34.85196995,35.01885597,1029.321938,1337.377,2881528765.39106,89528290.1671784,NaN,NaN,AAW,0.0119790640353012,-0.00958233409343667,-0.024321214389032,1.02192448444717,NaN,NaN,NaN,NaN,NaN,NaN,NaN,NaN
SO21_26-02,2021-08-19T02:39:55,89.11566667,-150.0418333,26,2,17,250,247.1593001,1.33895,1.326743402,1.325977277,34.83685299,35.00363676,1029.072163,1337.377,2991547135.91011,92459164.2848136,NaN,NaN,AAW,0.0037408824214694,0.000100745356171226,-0.0227926353921267,1.01895100761449,NaN,NaN,NaN,NaN,NaN,NaN,NaN,NaN
SO21_26-02,2021-08-19T02:39:55,89.11566667,-150.0418333,26,2,18,200,197.7222916,1.22675,1.217271853,1.216781615,34.81143625,34.97823704,1028.825216,1337.377,3271692326.61815,101335757.589451,NaN,NaN,AAW,-0.00696275237497037,0.0138617848108736,-0.0346411366748853,1.02774210423898,NaN,NaN,NaN,NaN,NaN,NaN,NaN,NaN
SO21_26-02,2021-08-19T02:39:55,89.11566667,-150.0418333,26,2,19,149.9,148.2071011,-0.5005,-0.505193151,-0.50267942,34.48669284,34.65248701,1028.436685,1337.377,5194541692.51654,159920824.695537,NaN,NaN,AAW,0.00806833778048499,0.00436212488062482,0.00751527180024444,0.980054265538646,NaN,NaN,NaN,NaN,NaN,NaN,NaN,NaN
SO21_26-02,2021-08-19T02:39:55,89.11566667,-150.0418333,26,2,20,125.1,123.7450667,-1.26955,-1.272526906,-1.269208239,34.33130986,34.49687572,1028.226375,1337.377,5575971994.86155,177623652.539503,NaN,NaN,PSW,0.0112140119793954,0.00434058884776713,0.0283269524804318,0.956118446692406,NaN,NaN,NaN,NaN,NaN,NaN,NaN,NaN
SO21_26-02,2021-08-19T02:39:55,89.11566667,-150.0418333,26,2,21,100,98.9429273,-1.58195,-1.583955816,-1.579957809,34.01004745,34.17457396,1027.857619,1337.377,6366470897.50052,198188124.373755,NaN,NaN,PSW,0.0282329234511239,-0.00791765626405324,0.0760688264735495,0.90361590633938,NaN,NaN,NaN,NaN,NaN,NaN,NaN,NaN
SO21_28-03,2021-08-21T11:08:47,88.7395,-136.9016667,28,3,7,2000.1,1969.18078,-0.40195,-0.501568052,-0.500708924,34.94683716,35.11574719,1037.436967,4026.868,10440019.1446258,3385660.64308411,749503.15352681,43766.2255883517,CBDW,NaN,NaN,NaN,NaN,NaN,NaN,NaN,NaN,NaN,NaN,NaN,NaN
SO21_28-03,2021-08-21T11:08:47,88.7395,-136.9016667,28,3,9,1500.1,1478.720059,-0.36955,-0.438012979,-0.437145225,34.92306874,35.09147885,1035.11563,4026.868,165957008.287798,6432740.22842236,5665585.61498234,177789.737481488,CBDW,NaN,NaN,NaN,NaN,239,31,215,49,0.9,0.07,47,1
SO21_28-03,2021-08-21T11:08:47,88.7395,-136.9016667,28,3,11,1000,986.8699239,-0.1471,-0.190082328,-0.18938328,34.88958297,35.05704501,1032.746562,4026.868,1551964498.95573,47712372.5401811,18930057.5161136,480171.634427869,uPDW,NaN,NaN,NaN,NaN,42,1,21,2,0.5,0.03,21,1
SO21_28-03,2021-08-21T11:08:47,88.7395,-136.9016667,28,3,13,700.2,691.5625298,0.17785,0.14773431,0.148093874,34.87583944,35.04296012,1031.306373,4026.868,2258050231.05582,69816222.8139109,19969762.5654963,543997.666043109,dAAW,NaN,NaN,NaN,NaN,30,1,13,2,0.43,0.04,18,1
SO21_28-03,2021-08-21T11:08:47,88.7395,-136.9016667,28,3,15,500,494.0627661,0.54215,0.519986473,0.519938138,34.87033605,35.03738334,1030.335498,4026.868,2249361199.44493,69264949.512207,19314828.1630624,498682.935115007,dAAW,NaN,NaN,NaN,NaN,31,1,15,2,0.48,0.04,16,1
SO21_28-03,2021-08-21T11:08:47,88.7395,-136.9016667,28,3,17,300.2,296.7734392,0.776,0.762653194,0.762476814,34.84249549,35.00938001,1029.354659,4026.868,2386455137.6269,73926100.9456397,18626032.876059,539600.566289051,AAW,0.000801331836275264,0.00471883964421349,-0.0434652745593742,1.03794510307889,30,1,16,2,0.53,0.05,14,1
SO21_28-03,2021-08-21T11:08:47,88.7395,-136.9016667,28,3,19,100,98.86296446,-1.4993,-1.501323183,-1.496775068,33.7219772,33.88526447,1027.621525,4026.868,6428500384.5198,208828259.578615,20204262.4336346,559030.902878622,PSW,0.0345203971190588,-0.0117604148379906,0.186934152879792,0.79030586483914,NaN,NaN,NaN,NaN,NaN,NaN,NaN,NaN
SO21_28-03,2021-08-21T11:08:47,88.7395,-136.9016667,28,3,21,30,29.70348762,-1.56925,-1.569602703,-1.560638778,30.29071711,30.43700434,1024.502931,4026.868,2466129805.08695,76038858.9125234,11996525.7582669,327740.510813266,PSW,0.0963908755101166,-0.0187061062974852,0.81975242518242,0.102562805604949,NaN,NaN,NaN,NaN,NaN,NaN,NaN,NaN
SO21_30-01,2021-08-21T22:04:33,88.50716667,-129.8041667,30,1,1,250.1,247.2665884,0.65075,0.640023328,0.640157538,34.80983803,34.97659087,1029.101517,3542,2819076801.80708,87702071.1017715,NaN,NaN,AAW,-0.00262292567364238,0.00893915411395233,-0.0336234732791957,1.02730724483889,NaN,NaN,NaN,NaN,NaN,NaN,NaN,NaN
SO21_30-01,2021-08-21T22:04:33,88.50716667,-129.8041667,30,1,3,200,197.7316478,0.14995,0.14239517,0.143868548,34.63280798,34.79890471,1028.755527,3542,4372007942.55253,134614120.708373,NaN,NaN,AAW,0.0134770876133048,-0.00641899715288831,0.00677815878860426,0.986163750750979,NaN,NaN,NaN,NaN,NaN,NaN,NaN,NaN
SO21_30-01,2021-08-21T22:04:33,88.50716667,-129.8041667,30,1,5,149.9,148.2499545,-0.77005,-0.774351583,-0.771364349,34.38451472,34.55009655,1028.367516,3542,5715443253.50659,176015916.178498,NaN,NaN,PSW,0.0116048310625419,0.000541150468193317,0.0511316246934692,0.936722393775796,NaN,NaN,NaN,NaN,NaN,NaN,NaN,NaN
SO21_30-01,2021-08-21T22:04:33,88.50716667,-129.8041667,30,1,7,125,123.6227608,-1.3976,-1.400386553,-1.396656244,34.15520587,34.32027708,1028.088888,3542,6799733563.6469,210677994.255938,NaN,NaN,PSW,0.0146669233430152,0.00126529555860658,0.0961721748602672,0.887895606238111,NaN,NaN,NaN,NaN,NaN,NaN,NaN,NaN
SO21_30-01,2021-08-21T22:04:33,88.50716667,-129.8041667,30,1,9,99.9,98.8086832,-1.49595,-1.497964409,-1.49330822,33.66385039,33.82683067,1027.574286,3542,7308194320.18751,226560709.66427,NaN,NaN,PSW,0.0248500299492231,-0.00250596897815736,0.209851858098089,0.767804080930846,NaN,NaN,NaN,NaN,NaN,NaN,NaN,NaN
SO21_30-01,2021-08-21T22:04:33,88.50716667,-129.8041667,30,1,11,81.3,80.46091717,-1.34035,-1.341934458,-1.335429175,32.77024889,32.92920239,1026.754025,3542,3778991174.40279,117656500.730565,NaN,NaN,PSW,0.0136238115556961,-0.00200797774413851,0.782024451497234,0.206359714691208,NaN,NaN,NaN,NaN,NaN,NaN,NaN,NaN
SO21_30-01,2021-08-21T22:04:33,88.50716667,-129.8041667,30,1,13,50.1,49.56016341,-1.5835,-1.584114543,-1.575430302,30.50962937,30.65723697,1024.777948,3542,1134616021.38489,36742938.6213447,NaN,NaN,PSW,0.0818461716278905,-0.0141720249797924,0.896622220328489,0.0357036330234127,NaN,NaN,NaN,NaN,NaN,NaN,NaN,NaN
SO21_30-01,2021-08-21T22:04:33,88.50716667,-129.8041667,30,1,15,40,39.5203172,-1.57365,-1.57413048,-1.565274359,30.38227182,30.52914744,1024.625891,3542,1344241673.93152,41647341.717574,NaN,NaN,PSW,0.0846449156373848,-0.0124801705320581,0.886402972429623,0.0414322824650505,NaN,NaN,NaN,NaN,NaN,NaN,NaN,NaN
SO21_30-01,2021-08-21T22:04:33,88.50716667,-129.8041667,30,1,17,30,29.63526884,-1.5453,-1.545651554,-1.536432139,30.16543334,30.3110429,1024.400817,3542,1412760566.05755,43720603.5291543,NaN,NaN,PSW,0.0828668089997619,-0.00294406925415404,0.879228968948991,0.0408482913054013,NaN,NaN,NaN,NaN,NaN,NaN,NaN,NaN
SO21_30-01,2021-08-21T22:04:33,88.50716667,-129.8041667,30,1,19,19.8,19.56674452,-1.5585,-1.558726693,-1.549524825,30.09209385,30.23696446,1024.292737,3542,1381644445.25961,42874111.2743164,NaN,NaN,PSW,0.0808081396271468,0.00179323611832933,0.87866624028887,0.038732383965654,NaN,NaN,NaN,NaN,NaN,NaN,NaN,NaN
SO21_30-01,2021-08-21T22:04:33,88.50716667,-129.8041667,30,1,21,10,9.939903617,-1.5616,-1.561711399,-1.552503868,30.06279351,30.20767165,1024.220598,3542,1454555928.43419,45112453.8943635,NaN,NaN,PSW,0.0787572494817154,0.00512715289804998,0.877689986707565,0.0384256109126691,NaN,NaN,NaN,NaN,NaN,NaN,NaN,NaN
SO21_30-02,2021-08-21T23:44:46,88.51066667,-129.7688333,30,2,11,2000.2,1969.305272,-0.402,-0.501617658,-0.500758889,34.94697558,35.11586382,1037.437064,3987.824,20677455.1946073,4300505.24184541,NaN,NaN,CBDW,NaN,NaN,NaN,NaN,NaN,NaN,NaN,NaN,NaN,NaN,NaN,NaN
SO21_30-02,2021-08-21T23:44:46,88.51066667,-129.7688333,30,2,14,1500.1,1478.706827,-0.3663,-0.434802995,-0.433938464,34.92287701,35.09127007,1035.115164,3987.824,169960099.198918,6161370.3412282,NaN,NaN,CBDW,NaN,NaN,NaN,NaN,NaN,NaN,NaN,NaN,NaN,NaN,NaN,NaN
SO21_30-02,2021-08-21T23:44:46,88.51066667,-129.7688333,30,2,15,1000,986.8856936,-0.1263,-0.169456816,-0.168778749,34.88869699,35.05614733,1032.744163,3987.824,1659865261.24805,51075909.2797641,NaN,NaN,uPDW,NaN,NaN,NaN,NaN,NaN,NaN,NaN,NaN,NaN,NaN,NaN,NaN
SO21_30-02,2021-08-21T23:44:46,88.51066667,-129.7688333,30,2,17,700,691.2960422,0.21935,0.188988259,0.189304061,34.8748307,35.04195204,1031.302385,3987.824,2124284964.57435,65666141.1180396,NaN,NaN,dAAW,NaN,NaN,NaN,NaN,NaN,NaN,NaN,NaN,NaN,NaN,NaN,NaN
SO21_30-02,2021-08-21T23:44:46,88.51066667,-129.7688333,30,2,18,500,494.0632676,0.6277,0.605174375,0.605038569,34.86814445,35.03519909,1030.327261,3987.824,2328180574.74013,71545246.4541611,NaN,NaN,AAW,NaN,NaN,NaN,NaN,NaN,NaN,NaN,NaN,NaN,NaN,NaN,NaN
SO21_30-02,2021-08-21T23:44:46,88.51066667,-129.7688333,30,2,20,400.1,395.3997292,0.8698,0.851314297,0.850921985,34.86317043,35.03023897,1029.834936,3987.824,2472126542.15923,75941574.2536362,NaN,NaN,AAW,0.0107220572718452,-0.00811253366913104,-0.0300653733708547,1.02745584976814,NaN,NaN,NaN,NaN,NaN,NaN,NaN,NaN
SO21_30-02,2021-08-21T23:44:46,88.51066667,-129.7688333,30,2,21,300,296.5870404,0.71545,0.702262593,0.702191221,34.83552998,35.00241031,1029.353473,3987.824,2581850448.65763,79724714.7854286,NaN,NaN,AAW,0.00244542922925615,0.00232633201724051,-0.0328173669633769,1.02804560571688,NaN,NaN,NaN,NaN,NaN,NaN,NaN,NaN
SO21_32-02,2021-08-24T13:13:54,88.38683333,-115.6923333,32,2,1,2920.5,2869.315517,-0.3433,-0.513063018,-0.512218012,34.95474039,35.12375302,1041.605594,2930.548,14511136.5302496,1152220.80061172,NaN,NaN,EBDW,NaN,NaN,NaN,NaN,NaN,NaN,NaN,NaN,NaN,NaN,NaN,NaN
SO21_32-02,2021-08-24T13:13:54,88.38683333,-115.6923333,32,2,2,2870.4,2820.394492,-0.3464,-0.511912169,-0.511069157,34.95487651,35.12389317,1041.377452,2930.548,5643831.04029195,874528.315453356,NaN,NaN,EBDW,NaN,NaN,NaN,NaN,NaN,NaN,NaN,NaN,NaN,NaN,NaN,NaN
SO21_32-02,2021-08-24T13:13:54,88.38683333,-115.6923333,32,2,3,2500.3,2458.806274,-0.3668,-0.502788627,-0.501951128,34.95314143,35.122155,1039.712028,2930.548,11401547.2401623,981716.634516402,NaN,NaN,EBDW,NaN,NaN,NaN,NaN,NaN,NaN,NaN,NaN,NaN,NaN,NaN,NaN
SO21_32-02,2021-08-24T13:13:54,88.38683333,-115.6923333,32,2,4,2000.3,1969.404487,-0.39895,-0.498612549,-0.497752805,34.94564791,35.1145321,1037.435692,2930.548,26889251.1116191,1610628.77478674,NaN,NaN,CBDW,NaN,NaN,NaN,NaN,NaN,NaN,NaN,NaN,NaN,NaN,NaN,NaN
SO21_32-02,2021-08-24T13:13:54,88.38683333,-115.6923333,32,2,5,1500.1,1478.670418,-0.359,-0.427581991,-0.426710045,34.91849223,35.08686477,1035.111003,2930.548,387304481.014372,20748548.1235081,NaN,NaN,uPDW,NaN,NaN,NaN,NaN,NaN,NaN,NaN,NaN,NaN,NaN,NaN,NaN
SO21_32-02,2021-08-24T13:13:54,88.38683333,-115.6923333,32,2,6,1000.7,987.599108,-0.07055,-0.114232195,-0.113622434,34.88925256,35.0567063,1032.744727,2930.548,1838430129.2519,57311095.4796978,NaN,NaN,uPDW,NaN,NaN,NaN,NaN,NaN,NaN,NaN,NaN,NaN,NaN,NaN,NaN
SO21_32-02,2021-08-24T13:13:54,88.38683333,-115.6923333,32,2,7,700.2,691.5616883,0.2686,0.237949933,0.238225998,34.87107898,35.03820029,1031.295591,2930.548,2197848471.91505,67868392.2830934,NaN,NaN,dAAW,NaN,NaN,NaN,NaN,NaN,NaN,NaN,NaN,NaN,NaN,NaN,NaN
SO21_32-02,2021-08-24T13:13:54,88.38683333,-115.6923333,32,2,8,500,494.052718,0.66975,0.647050731,0.646895253,34.86272851,35.02977959,1030.319716,2930.548,2107122140.24589,64844341.3738177,NaN,NaN,AAW,NaN,NaN,NaN,NaN,NaN,NaN,NaN,NaN,NaN,NaN,NaN,NaN
SO21_32-02,2021-08-24T13:13:54,88.38683333,-115.6923333,32,2,9,400.1,395.4118225,0.78785,0.769658465,0.76947302,34.84260378,35.00960668,1029.824732,2930.548,2411332916.66958,74401237.6679841,NaN,NaN,AAW,0.00189530068009299,0.00346204825045934,-0.0431685638076785,1.03781121487713,NaN,NaN,NaN,NaN,NaN,NaN,NaN,NaN
SO21_32-02,2021-08-24T13:13:54,88.38683333,-115.6923333,32,2,10,300,296.5299299,0.6681,0.655049068,0.655168331,34.80956802,34.97637746,1029.336078,2930.548,2828492469.74685,87359991.743486,NaN,NaN,AAW,-0.0048599894854775,0.0132838797791668,-0.058826463936469,1.05040257364278,NaN,NaN,NaN,NaN,NaN,NaN,NaN,NaN
SO21_32-02,2021-08-24T13:13:54,88.38683333,-115.6923333,32,2,11,250.1,247.289463,0.69035,0.679549139,0.679764172,34.7868618,34.95355603,1029.080352,2930.548,2674154177.14611,82835502.9154263,NaN,NaN,AAW,0.00306554325923399,0.00316596836836724,-0.0323433840370999,1.0261118724095,NaN,NaN,NaN,NaN,NaN,NaN,NaN,NaN
SO21_32-02,2021-08-24T13:13:54,88.38683333,-115.6923333,32,2,12,200.1,197.8523406,0.0148,0.007503203,0.00932681,34.57704602,34.74293666,1028.718831,2930.548,4318148648.44442,133191689.867435,NaN,NaN,AAW,0.014691449071832,-0.00671827697939974,0.0169629291057074,0.97506389880186,NaN,NaN,NaN,NaN,NaN,NaN,NaN,NaN
SO21_32-02,2021-08-24T13:13:54,88.38683333,-115.6923333,32,2,13,150,148.3488987,-0.8643,-0.868451632,-0.865198182,34.30756028,34.47280499,1028.309693,2930.548,5392824750.56697,166329199.371721,NaN,NaN,PSW,0.0166912486925026,-0.0032583688515889,0.058707243490515,0.927859876668571,NaN,NaN,NaN,NaN,NaN,NaN,NaN,NaN
SO21_32-02,2021-08-24T13:13:54,88.38683333,-115.6923333,32,2,14,124.9,123.5635153,-1.2241,-1.227047222,-1.222983355,34.00778475,34.17231472,1027.963162,2930.548,5506476176.93949,178419924.588142,NaN,NaN,PSW,0.0300261550415785,-0.0149210223089801,0.146423389973758,0.838471477293643,NaN,NaN,NaN,NaN,NaN,NaN,NaN,NaN
SO21_32-02,2021-08-24T13:13:54,88.38683333,-115.6923333,32,2,15,100,98.87499152,-1.3981,-1.400157701,-1.394988938,33.4347267,33.59678925,1027.385546,2930.548,5658266085.27839,175784342.107983,NaN,NaN,PSW,0.0273259325250941,-0.00476719056538439,0.305609580407839,0.671831677632452,NaN,NaN,NaN,NaN,NaN,NaN,NaN,NaN
SO21_32-02,2021-08-24T13:13:54,88.38683333,-115.6923333,32,2,16,75,74.15678116,-1.50975,-1.511031847,-1.504251988,32.36008309,32.51728991,1026.397942,2930.548,1526344564.25394,48265228.2758408,NaN,NaN,PSW,0.0131895731994253,0.00205335407998808,0.917048335911187,0.0677087368093993,NaN,NaN,NaN,NaN,NaN,NaN,NaN,NaN
SO21_32-02,2021-08-24T13:13:54,88.38683333,-115.6923333,32,2,17,49.9,49.40689417,-1.56615,-1.566818287,-1.55846688,30.94449171,31.0941057,1025.130157,2930.548,1014342749.0424,32660537.4238883,NaN,NaN,PSW,0.0316538505920386,0.0206868678399516,1.00473778095257,-0.0570784993845625,NaN,NaN,NaN,NaN,NaN,NaN,NaN,NaN
SO21_32-02,2021-08-24T13:13:54,88.38683333,-115.6923333,32,2,18,40,39.56583847,-1.608,-1.608489761,-1.600063785,30.64642928,30.79459925,1024.840822,2930.548,683804838.471986,21484729.3235458,NaN,NaN,PSW,0.0736965004111084,-0.00539584603383656,0.840958777031678,0.0907405685910503,NaN,NaN,NaN,NaN,NaN,NaN,NaN,NaN
SO21_32-02,2021-08-24T13:13:54,88.38683333,-115.6923333,32,2,19,30,29.70353617,-1.5736,-1.573967916,-1.565265041,30.55132773,30.69873797,1024.714281,2930.548,775785037.386282,24166706.6150259,NaN,NaN,PSW,0.069767343692948,0.00327820881843643,0.824790275484776,0.102164172003839,NaN,NaN,NaN,NaN,NaN,NaN,NaN,NaN
SO21_32-02,2021-08-24T13:13:54,88.38683333,-115.6923333,32,2,20,20.2,19.95550044,-1.5791,-1.579324066,-1.570275881,30.12197425,30.26702506,1024.31737,2930.548,1028359489.83496,31984232.3969259,NaN,NaN,PSW,0.083391876539455,0.00132393633949597,0.83110149082208,0.0841826962989687,NaN,NaN,NaN,NaN,NaN,NaN,NaN,NaN
SO21_32-02,2021-08-24T13:13:54,88.38683333,-115.6923333,32,2,21,10,9.883524149,-1.5768,-1.576904696,-1.567599379,29.81380308,29.95742503,1024.018823,2930.548,625548812.597732,91487136.0833614,NaN,NaN,PSW,0.0770759613638765,0.0214367603327858,0.789135008866531,0.112352269436807,NaN,NaN,NaN,NaN,NaN,NaN,NaN,NaN
SO21_33-01,2021-08-25T02:24:22,88.09866667,-100.6016667,33,1,17,49.8,49.24180702,-1.6037,-1.604323291,-1.595908692,30.68362345,30.83184295,1024.919274,2926,614033779.672286,26019814.6965093,NaN,NaN,PSW,0.063946939251467,0.00345957064615047,0.854225003135046,0.0783684869673364,NaN,NaN,NaN,NaN,NaN,NaN,NaN,NaN
SO21_33-01,2021-08-25T02:24:22,88.09866667,-100.6016667,33,1,19,30,29.65215022,-1.5388,-1.539169858,-1.530152044,30.42634818,30.57307932,1024.612178,2926,683015153.949536,21218117.8523924,NaN,NaN,PSW,0.0852743520781837,-0.00969618295588154,0.817872712804362,0.106549118073336,NaN,NaN,NaN,NaN,NaN,NaN,NaN,NaN
SO21_33-02,2021-08-25T04:10:53,88.1,-100.6931667,33,2,6,2000.2,1969.325371,-0.39875,-0.498415376,-0.49755545,34.94550269,35.11441228,1037.435577,3014.521,33332097.3374648,1504557.00679779,NaN,NaN,CBDW,NaN,NaN,NaN,NaN,NaN,NaN,NaN,NaN,NaN,NaN,NaN,NaN
SO21_33-02,2021-08-25T04:10:53,88.1,-100.6931667,33,2,10,1000.3,987.1813007,-0.08605,-0.129547325,-0.128916616,34.88861985,35.05607209,1032.740825,3014.521,1793421949.97107,57085911.5951167,NaN,NaN,uPDW,NaN,NaN,NaN,NaN,NaN,NaN,NaN,NaN,NaN,NaN,NaN,NaN
SO21_33-02,2021-08-25T04:10:53,88.1,-100.6931667,33,2,12,500.3,494.29136,0.6183,0.595821436,0.595736036,34.86059042,35.02763939,1030.321955,3014.521,1942783481.83469,59782207.6310517,NaN,NaN,AAW,NaN,NaN,NaN,NaN,NaN,NaN,NaN,NaN,NaN,NaN,NaN,NaN
SO21_33-02,2021-08-25T04:10:53,88.1,-100.6931667,33,2,14,300.1,296.6993313,0.64815,0.635152878,0.635316476,34.80516481,34.97201317,1029.334011,3014.521,2566471759.9042,79202597.2690295,NaN,NaN,AAW,0.0279593912167087,-0.0257949567099754,-0.0287958062229847,1.02663137171625,NaN,NaN,NaN,NaN,NaN,NaN,NaN,NaN
SO21_33-02,2021-08-25T04:10:53,88.1,-100.6931667,33,2,16,200,197.7992934,0.0236,0.016287597,0.018102761,34.57744979,34.74341298,1028.718691,3014.521,4306126675.98053,132606901.289766,NaN,NaN,AAW,0.0179687162658954,-0.0106526400229388,0.0200280484253157,0.972655875331728,NaN,NaN,NaN,NaN,NaN,NaN,NaN,NaN
SO21_33-02,2021-08-25T04:10:53,88.1,-100.6931667,33,2,19,100.1,98.99182925,-1.38195,-1.38393381,-1.377929404,33.00006896,33.1599132,1027.032821,3014.521,3245107847.0635,102260554.928556,NaN,NaN,PSW,0.0304647279519743,-0.0271063551493025,0.763167225735808,0.23347440146152,NaN,NaN,NaN,NaN,NaN,NaN,NaN,NaN
SO21_35-11,2021-08-27T00:51:00,87.84033333,-86.11983333,35,11,1,100.1,99.0503361,-1.4272,-1.429120832,-1.423012528,32.8961952,33.05540318,1026.950007,1390,2061293859.35509,64177587.877383,NaN,NaN,PSW,0.0183229773679295,-0.0199641374960237,0.901467370130161,0.100173789997933,NaN,NaN,NaN,NaN,NaN,NaN,NaN,NaN
SO21_35-11,2021-08-27T00:51:00,87.84033333,-86.11983333,35,11,7,49.9,49.39716813,-1.5778,-1.578440755,-1.569936449,30.73424978,30.88249775,1024.959629,1390,1733149741.01039,53672199.5259244,NaN,NaN,PSW,NaN,NaN,NaN,NaN,NaN,NaN,NaN,NaN,NaN,NaN,NaN,NaN
SO21_35-11,2021-08-27T00:51:00,87.84033333,-86.11983333,35,11,13,30,29.67099378,-1.5244,-1.524773009,-1.515658289,30.41217966,30.55850358,1024.600131,1390,770874752.086543,23980371.5516628,NaN,NaN,PSW,0.0939530363770732,-0.0192928977802514,0.821403923008099,0.10393593839508,NaN,NaN,NaN,NaN,NaN,NaN,NaN,NaN
SO21_35-11,2021-08-27T00:51:00,87.84033333,-86.11983333,35,11,19,10,9.867729456,-1.59895,-1.599057277,-1.590064353,30.03480992,30.17957989,1024.198556,1390,609308133.774122,19145349.4142815,NaN,NaN,PSW,0.0922364625211862,-0.00333579760103678,0.796142193956864,0.114957141122987,NaN,NaN,NaN,NaN,NaN,NaN,NaN,NaN
SO21_35-12,2021-08-27T02:17:24,87.83766667,-86.01016667,35,12,5,1000.6,987.5010023,-0.0951,-0.138571389,-0.137925983,34.88766253,35.05512777,1032.745479,1411.098,1212961366.57018,37531619.6655947,NaN,NaN,uPDW,NaN,NaN,NaN,NaN,NaN,NaN,NaN,NaN,NaN,NaN,NaN,NaN
SO21_35-12,2021-08-27T02:17:24,87.83766667,-86.01016667,35,12,9,500.2,494.1885862,0.59365,0.571278352,0.571232401,34.85847164,35.02546435,1030.322099,1411.098,1852462221.89556,56977638.1990908,NaN,NaN,AAW,NaN,NaN,NaN,NaN,NaN,NaN,NaN,NaN,NaN,NaN,NaN,NaN
SO21_35-12,2021-08-27T02:17:24,87.83766667,-86.01016667,35,12,13,299.9,296.4370768,0.6405,0.627523003,0.62769873,34.80438138,34.97125127,1029.333945,1411.098,2407704855.80717,74560289.3788695,NaN,NaN,AAW,NaN,NaN,NaN,NaN,NaN,NaN,NaN,NaN,NaN,NaN,NaN,NaN
SO21_35-12,2021-08-27T02:17:24,87.83766667,-86.01016667,35,12,17,200,197.7136501,-0.01095,-0.01819657,-0.016298347,34.56383919,34.7297993,1028.709825,1411.098,4087946892.31706,126533786.514507,NaN,NaN,AAW,0.0100758191246964,-0.00150213056137307,0.0228644518573228,0.968561859579354,NaN,NaN,NaN,NaN,NaN,NaN,NaN,NaN
SO21_40-01,2021-08-29T20:36:14,87.34433333,-63.21816667,40,1,3,999.9,986.7634248,-0.0962,-0.139615251,-0.138980947,34.89061646,35.05810411,1032.743269,1183.225,446222941.511787,14233997.3142867,NaN,NaN,uPDW,NaN,NaN,NaN,NaN,NaN,NaN,NaN,NaN,NaN,NaN,NaN,NaN
SO21_40-01,2021-08-29T20:36:14,87.34433333,-63.21816667,40,1,7,499.8,493.888491,0.49475,0.472800075,0.472868519,34.85824391,35.02512851,1030.329288,1183.225,1013607678.44866,31630304.1798567,NaN,NaN,AAW,NaN,NaN,NaN,NaN,NaN,NaN,NaN,NaN,NaN,NaN,NaN,NaN
SO21_40-01,2021-08-29T20:36:14,87.34433333,-63.21816667,40,1,11,199.8,197.5483704,0.06305,0.05566759,0.057443783,34.57962542,34.74577015,1028.71823,1183.225,2874519009.3338,89210579.7179843,NaN,NaN,AAW,0.0144764365013134,-0.00668072367265816,0.0186600870868143,0.97354420008453,NaN,NaN,NaN,NaN,NaN,NaN,NaN,NaN
SO21_40-01,2021-08-29T20:36:14,87.34433333,-63.21816667,40,1,14,99.9,98.81736201,-1.4117,-1.413711813,-1.408251277,33.2715976,33.43231961,1027.253397,1183.225,4485592091.96349,149198974.054715,NaN,NaN,PSW,0.028391838058601,-0.00789667027028189,0.405911918806653,0.573592913405028,NaN,NaN,NaN,NaN,NaN,NaN,NaN,NaN
SO21_40-01,2021-08-29T20:36:14,87.34433333,-63.21816667,40,1,17,50.2,49.62582504,-1.5009,-1.501672199,-1.493866036,31.64861472,31.80136704,1025.699361,1183.225,596098595.357954,20394570.100509,NaN,NaN,PSW,0.0201284947768001,0.0123430924367082,0.985067488401408,-0.0175390756149159,NaN,NaN,NaN,NaN,NaN,NaN,NaN,NaN
SO21_40-01,2021-08-29T20:36:14,87.34433333,-63.21816667,40,1,21,9.9,9.840069115,-1.5585,-1.558603275,-1.549062177,29.66458966,29.80775892,1023.897697,1183.225,954925191.579704,29842317.3211739,NaN,NaN,PSW,0.0918534179153754,0.0110149409093015,0.76905721327905,0.128074427896273,NaN,NaN,NaN,NaN,NaN,NaN,NaN,NaN
SO21_44-01,2021-09-01T11:22:35,86.2845,-43.16466667,44,1,5,2000.1,1969.257748,-0.48745,-0.585612714,-0.584587409,34.93029382,35.0990007,1037.432768,3371.586,310544841.226934,9730765.00363321,NaN,NaN,CBDW,NaN,NaN,NaN,NaN,NaN,NaN,NaN,NaN,NaN,NaN,NaN,NaN
SO21_44-01,2021-09-01T11:22:35,86.2845,-43.16466667,44,1,7,1000.1,987.0045386,-0.0176,-0.061683463,-0.061151167,34.8925017,35.06014125,1032.738439,3371.586,1692648329.0044,52570557.5766945,NaN,NaN,uPDW,NaN,NaN,NaN,NaN,NaN,NaN,NaN,NaN,NaN,NaN,NaN,NaN
SO21_44-01,2021-09-01T11:22:35,86.2845,-43.16466667,44,1,9,500,494.07249,0.7395,0.716504609,0.716269033,34.86293259,35.02984491,1030.314367,3371.586,1794527345.59781,55225378.6230337,NaN,NaN,AAW,NaN,NaN,NaN,NaN,NaN,NaN,NaN,NaN,NaN,NaN,NaN,NaN
SO21_44-01,2021-09-01T11:22:35,86.2845,-43.16466667,44,1,13,200.1,197.8104483,0.30145,0.293629274,0.294957628,34.63721683,34.80363624,1028.749902,3371.586,3481168394.20394,107399316.87942,NaN,NaN,AAW,0.0180539993289544,-0.0106444452708573,-0.00834965711359386,1.0009401030555,NaN,NaN,NaN,NaN,NaN,NaN,NaN,NaN
SO21_44-01,2021-09-01T11:22:35,86.2845,-43.16466667,44,1,16,100,98.89061924,-1.5114,-1.513389387,-1.508649561,33.61101611,33.77362282,1027.531875,3371.586,5881130511.7058,182076799.468731,NaN,NaN,PSW,0.0390111653961872,-0.0153884340024623,0.190326294469043,0.786050974137232,NaN,NaN,NaN,NaN,NaN,NaN,NaN,NaN
SO21_44-01,2021-09-01T11:22:35,86.2845,-43.16466667,44,1,18,49.9,49.35734456,-1.5369,-1.537681063,-1.530331925,31.89516791,32.04961176,1025.900569,3371.586,2593498507.357,80941362.4319751,NaN,NaN,PSW,0.0399720217598566,-0.00769049781967898,0.840900577806433,0.126817898253389,NaN,NaN,NaN,NaN,NaN,NaN,NaN,NaN
SO21_44-01,2021-09-01T11:22:35,86.2845,-43.16466667,44,1,20,30.3,29.96916171,-1.49825,-1.498614321,-1.489097361,30.15674792,30.30252087,1024.393048,3371.586,2935123000.72228,90382555.1834671,NaN,NaN,PSW,0.100201343535749,-0.0146297634571059,0.773231283705115,0.141197136216242,NaN,NaN,NaN,NaN,NaN,NaN,NaN,NaN
SO21_44-01,2021-09-01T11:22:35,86.2845,-43.16466667,44,1,22,10.1,10.00043241,-1.5715,-1.571600721,-1.562105556,29.60201823,29.74505893,1023.847287,3371.586,2826825841.98925,87045505.746748,NaN,NaN,PSW,0.116690959909539,-0.011880110360246,0.725435343377349,0.169753807073358,NaN,NaN,NaN,NaN,NaN,NaN,NaN,NaN
SO21_46-02,2021-09-02T08:51:55,85.8485,-38.41966667,46,2,7,2000.3,1969.441086,-0.4691,-0.567561224,-0.566557524,34.93000314,35.09869784,1037.430607,3311.264,389950708.488783,12186373.4303356,5501918.10643143,189166.398776304,CBDW,NaN,NaN,NaN,NaN,NaN,NaN,NaN,NaN,NaN,NaN,NaN,NaN
SO21_46-02,2021-09-02T08:51:55,85.8485,-38.41966667,46,2,9,1500.1,1478.67972,-0.3204,-0.38945963,-0.388629235,34.91704732,35.08535939,1035.106235,3311.264,924961215.633093,28451920.2160393,9905594.7400795,284021.137781909,uPDW,NaN,NaN,NaN,NaN,293,30,521,79,1.78,0.11,15,1
SO21_46-02,2021-09-02T08:51:55,85.8485,-38.41966667,46,2,11,998.6,985.5203409,-0.03215,-0.076054039,-0.075496213,34.89054633,35.05819046,1032.733424,3311.264,1132959833.09396,35417151.8988284,17458359.587019,453298.292838079,uPDW,NaN,NaN,NaN,NaN,52,2,27,2,0.52,0.02,25,1
SO21_46-02,2021-09-02T08:51:55,85.8485,-38.41966667,46,2,13,700.2,691.4843176,0.3093,0.278402995,0.27861424,34.87472725,35.0419005,1031.295369,3311.264,1315631376.33305,40508813.2032175,20506461.8289382,531881.266993564,dAAW,NaN,NaN,NaN,NaN,42,1,17,1,0.4,0.02,26,1
SO21_46-02,2021-09-02T08:51:55,85.8485,-38.41966667,46,2,15,500.3,494.3120733,0.74825,0.725210987,0.724927557,34.86986224,35.03682145,1030.319243,3311.264,1729109993.9588,55292324.93585,20538082.4800236,532253.501552961,AAW,NaN,NaN,NaN,NaN,36,1,15,1,0.42,0.03,22,1
SO21_46-02,2021-09-02T08:51:55,85.8485,-38.41966667,46,2,17,300,296.5428446,0.90465,0.89098285,0.890756042,34.82599779,34.99301906,1029.332152,3311.264,2342292870.93884,72881148.0175866,18951603.1206225,511200.094084098,AAW,0.0116916562869932,-0.00843204018585077,-0.0241930247726548,1.02093340867151,30,1,16,2,0.53,0.04,14,1
SO21_46-02,2021-09-02T08:51:55,85.8485,-38.41966667,46,2,19,99.9,98.79327261,-1.4232,-1.425275557,-1.420514116,33.6358462,33.79860623,1027.549104,3311.264,5886968596.59558,182978839.703002,20570627.1801735,544548.774060832,PSW,0.0356022357064806,-0.0159211006704775,0.251070203540928,0.729248661423068,NaN,NaN,NaN,NaN,NaN,NaN,NaN,NaN
SO21_46-02,2021-09-02T08:51:55,85.8485,-38.41966667,46,2,21,30.1,29.77545464,-1.4673,-1.467667146,-1.45786646,30.06290492,30.20833527,1024.316453,3311.264,2085809381.86551,64410426.8587174,12338991.2147252,340618.992747538,PSW,0.109579662279165,-0.0264817530425209,0.726134521300139,0.190767569463217,NaN,NaN,NaN,NaN,NaN,NaN,NaN,NaN
SO21_50-16,2021-09-05T08:14:11,84.16066667,-32.391,50,16,5,500,494.0954983,0.5937,0.57133313,0.571314768,34.85324387,35.02014389,1030.317855,900.957,641620513.727062,21539520.7939548,NaN,NaN,AAW,NaN,NaN,NaN,NaN,NaN,NaN,NaN,NaN,NaN,NaN,NaN,NaN
SO21_50-16,2021-09-05T08:14:11,84.16066667,-32.391,50,16,8,300,296.5538354,0.5615,0.548737605,0.549097099,34.78500021,34.95183464,1029.323994,900.957,1415529019.03239,44092192.0562154,NaN,NaN,AAW,0.0244719209295323,-0.0115660002682957,-0.163035567821424,1.15012964716019,NaN,NaN,NaN,NaN,NaN,NaN,NaN,NaN
SO21_50-16,2021-09-05T08:14:11,84.16066667,-32.391,50,16,13,100,98.89285297,-1.328,-1.330038384,-1.32398769,33.02433861,33.18423967,1027.050664,900.957,3340028545.99115,103727090.302645,NaN,NaN,PSW,0.0529651537058097,-0.0197344239765119,0.295633608985079,0.671135661285624,NaN,NaN,NaN,NaN,NaN,NaN,NaN,NaN
SO21_50-16,2021-09-05T08:14:11,84.16066667,-32.391,50,16,16,50.5,49.98701609,-1.6161,-1.616794891,-1.609035771,31.28737048,31.43893822,1025.4144,900.957,2741098505.57266,84647056.4818905,NaN,NaN,PSW,0.10038433853448,-0.0341417758083173,0.532825282148263,0.400932155125575,NaN,NaN,NaN,NaN,NaN,NaN,NaN,NaN
SO21_50-16,2021-09-05T08:14:11,84.16066667,-32.391,50,16,18,29.7,29.35784035,-1.5271,-1.527495625,-1.51877486,30.78264999,30.93159435,1024.901288,900.957,1987873859.61812,61210797.9357265,NaN,NaN,PSW,0.105714130853284,-0.0299942984511364,0.618574895816426,0.305705271781427,NaN,NaN,NaN,NaN,NaN,NaN,NaN,NaN
SO21_50-16,2021-09-05T08:14:11,84.16066667,-32.391,50,16,21,10,9.89985291,-1.4038,-1.40392592,-1.393704447,30.04545494,30.19056505,1024.203869,900.957,2555482952.91189,79330117.881855,NaN,NaN,PSW,0.116649692678881,-0.0128687273380962,0.540107586012349,0.356111448646866,NaN,NaN,NaN,NaN,NaN,NaN,NaN,NaN
SO21_52-01,2021-09-05T13:54:38,84.268,-27.25916667,52,1,3,1000.1,987.0347346,-0.0749,-0.118494812,-0.117884421,34.89015613,35.05777465,1032.741267,1067.308,491520440.92995,15882729.5280189,NaN,NaN,uPDW,NaN,NaN,NaN,NaN,NaN,NaN,NaN,NaN,NaN,NaN,NaN,NaN
SO21_52-01,2021-09-05T13:54:38,84.268,-27.25916667,52,1,5,500.3,494.3511167,0.51535,0.493320792,0.493412114,34.84913354,35.01600435,1030.320471,1067.308,775090445.85349,24029434.5213761,NaN,NaN,AAW,NaN,NaN,NaN,NaN,NaN,NaN,NaN,NaN,NaN,NaN,NaN,NaN
SO21_52-01,2021-09-05T13:54:38,84.268,-27.25916667,52,1,10,300.2,296.7448938,0.5896,0.57676033,0.57704682,34.79343147,34.96031241,1029.328799,1067.308,1464549823.60503,45500574.745171,NaN,NaN,AAW,0.0249079858742188,-0.0125795690952192,-0.159575702839434,1.14724728606043,NaN,NaN,NaN,NaN,NaN,NaN,NaN,NaN
SO21_52-01,2021-09-05T13:54:38,84.268,-27.25916667,52,1,15,100.2,99.0825124,-1.4721,-1.474028822,-1.468414169,33.13748413,33.29781649,1027.146884,1067.308,4055084625.69398,128940193.372187,NaN,NaN,PSW,0.0306632257089238,0.00789523978114618,0.210646492887993,0.750795041621937,NaN,NaN,NaN,NaN,NaN,NaN,NaN,NaN
SO21_52-01,2021-09-05T13:54:38,84.268,-27.25916667,52,1,17,50,49.47160929,-1.6229,-1.623567043,-1.615734529,31.18674559,31.33784439,1025.328102,1067.308,2509760293.02582,77258454.1148649,NaN,NaN,PSW,0.078015680787648,-0.00636437543728418,0.54312311955683,0.385225575092807,NaN,NaN,NaN,NaN,NaN,NaN,NaN,NaN
SO21_52-01,2021-09-05T13:54:38,84.268,-27.25916667,52,1,18,40,39.54798069,-1.59515,-1.595668643,-1.587448127,30.93251217,31.08244967,1025.072919,1067.308,2507044726.80681,77011341.5183703,NaN,NaN,PSW,0.105990103235752,-0.0299934297803849,0.54671633955723,0.377286986987403,NaN,NaN,NaN,NaN,NaN,NaN,NaN,NaN
SO21_52-01,2021-09-05T13:54:38,84.268,-27.25916667,52,1,19,30,29.6545334,-1.4506,-1.451001681,-1.441600394,30.53607048,30.68402556,1024.699906,1067.308,2118830287.264,65542772.1719632,NaN,NaN,PSW,0.110404745704961,-0.0237099151404732,0.568336205462255,0.344968963973258,NaN,NaN,NaN,NaN,NaN,NaN,NaN,NaN
SO21_52-01,2021-09-05T13:54:38,84.268,-27.25916667,52,1,22,9.9,9.784088957,-1.4608,-1.46091966,-1.451017347,30.00305306,30.14803716,1024.170646,1067.308,2214496891.8093,68636500.4247127,NaN,NaN,PSW,0.112810170042689,-0.00886096268606169,0.563782328091133,0.33226846455224,NaN,NaN,NaN,NaN,NaN,NaN,NaN,NaN
